,SNP,CHR,BP,A1,A2,OR,SE,P,DIRECTION,gene
458874,rs11012200,10,20910905,G,T,1.0291,0.01404,0.0412,++,['NEBL ']
535809,rs111295128,22,44796941,C,T,1.0615,0.027867,0.0322,++,['ARHGAP8 ']
601501,rs111779567,22,44785617,G,A,1.0875,0.042507,0.0483,++,['ARHGAP8 ']
1123330,rs11706856,3,9386517,A,G,1.0363,0.01663,0.0319,++,['THUMPD3-AS1 ']
1129181,rs11710135,3,9398216,C,A,1.0355,0.016927,0.0392,++,['THUMPD3-AS1 ']
1337243,rs11879429,19,41757444,G,A,1.029,0.013208,0.0302,++,['CEACAM6 ']
1337246,rs11879435,19,41757603,C,T,1.0292,0.013208,0.0294,++,['CEACAM6 ']
1337742,rs11880729,19,41755238,T,G,1.0292,0.01319,0.0289,++,['CEACAM6 ']
1809669,rs12972779,19,41752127,C,A,1.0286,0.012838,0.0279,++,['CEACAM6 ']
1811547,rs12977563,19,41756503,A,G,1.0292,0.013208,0.0295,++,['CEACAM6 ']
1813729,rs12983027,19,41753634,G,A,1.0276,0.012801,0.0332,++,['CEACAM6 ']
1847060,rs13068999,3,9396030,G,A,1.0343,0.015927,0.034,++,['THUMPD3-AS1 ']
1847068,rs13069009,3,9396051,G,A,1.0328,0.01615,0.0459,++,['THUMPD3-AS1 ']
1847646,rs13070469,3,9396177,C,T,1.0351,0.016387,0.0352,++,['THUMPD3-AS1 ']
2004186,rs135981,22,44832404,G,C,1.0335,0.011966,0.0059,++,['ARHGAP8 ']
2106001,rs139607359,10,20837712,T,A,1.1533,0.058835,0.0153,++,['NEBL ']
2145958,rs140408128,4,23874896,g,gaa,1.04697,0.0228,0.04408,++,['PPARGC1A ']
2463758,rs146899208,4,23861269,T,A,1.0606,0.028114,0.0364,++,['PPARGC1A ']
2961802,rs17510142,4,39455742,G,A,1.0281,0.012051,0.0213,++,['RPL9 ']
3021977,rs17802367,3,9380333,G,A,1.0363,0.016649,0.032,++,['THUMPD3-AS1 ']
3231662,rs1946613,19,41767785,C,T,1.0281,0.013208,0.036,++,['CEACAM6 ']
3243350,rs1962343,19,825418,C,T,1.0292,0.012439,0.0209,++,['AZU1 ']
3259417,rs1985998,4,39456708,G,A,1.0676,0.027057,0.0156,++,['RPL9 ']
3289231,rs200206876,10,20990904,g,gtaa,1.05802,0.028,0.04413,++,['NEBL ']
3325588,rs201329214,1,207841071,g,ga,1.06705,0.0326,0.04657,+-,['MIR29B2CHG ']
3358163,rs2027858,22,44823445,G,A,1.0267,0.010646,0.0132,++,['ARHGAP8 ']
3358164,rs2027859,22,44823657,G,A,1.025,0.010872,0.0229,++,['ARHGAP8 ']
3367557,rs2040412,22,44828232,G,A,1.0233,0.011082,0.0378,++,['ARHGAP8 ']
3465085,rs2187829,22,44823854,C,T,1.0273,0.010706,0.0119,++,['ARHGAP8 ']
3528604,rs228728,1,7846270,A,G,1.0429,0.015481,0.0067,++,['UTS2 ']
3540965,rs2304231,19,41762670,T,C,1.0276,0.013208,0.0395,++,['CEACAM6 ']
3540966,rs2304232,19,41762525,A,G,1.0281,0.013208,0.0361,++,['CEACAM6 ']
3716485,rs2640053,1,95191407,T,C,1.0923,0.035733,0.0135,++,['TLCD4-RWDD3 ']
3791873,rs2794664,1,7844444,C,A,1.0271,0.01274,0.0359,++,['UTS2 ']
3858819,rs28546935,4,23857161,G,A,1.0606,0.028166,0.0366,++,['PPARGC1A ']
3868544,rs2859390,1,7847529,A,G,1.0257,0.012265,0.0385,++,['UTS2 ']
4153878,rs34772093,19,41755357,C,T,1.0532,0.022258,0.0199,++,['CEACAM6 ']
4225019,rs35291207,3,9391414,T,A,1.0357,0.016573,0.0345,++,['THUMPD3-AS1 ']
4227599,rs35310790,19,41758047,T,A,1.0448,0.015678,0.0052,++,['CEACAM6 ']
4240606,rs35405132,3,9391420,T,A,1.0357,0.016573,0.0345,++,['THUMPD3-AS1 ']
4259974,rs35546772,19,41764758,A,G,1.053,0.022247,0.0202,++,['CEACAM6 ']
4372277,rs3760660,19,41769025,A,T,1.0282,0.013208,0.0355,++,['CEACAM6 ']
4647815,rs4591267,19,41765407,A,C,1.0282,0.013208,0.0355,++,['CEACAM6 ']
4795196,rs4823283,22,44825330,G,A,1.0254,0.010932,0.0215,++,['ARHGAP8 ']
4903493,rs5009453,5,163462119,A,G,1.0196,0.0096913,0.0447,++,['HMMR ']
5091431,rs571578,1,7843709,A,T,1.0301,0.014923,0.0471,++,['UTS2 ']
5160322,rs58236409,4,23857850,T,G,1.0625,0.028208,0.0317,++,['PPARGC1A ']
5277022,rs6024262,20,54211702,A,C,1.0352,0.011876,0.0036,++,['PFDN4 ']
5679401,rs6510980,19,829824,C,T,1.0274,0.012353,0.0285,++,['AZU1 ']
5749905,rs6665668,1,207844619,C,T,1.0695,0.032821,0.0407,+-,['MIR29B2CHG ']
5989194,rs696305,1,7852797,C,T,1.0209,0.0099154,0.0373,++,['UTS2 ']
5998438,rs697683,1,7846092,A,G,1.0244,0.010715,0.0246,++,['UTS2 ']
5998460,rs697686,1,7850218,C,T,1.0205,0.0099154,0.0409,++,['UTS2 ']
6048920,rs707462,1,7849880,A,G,1.0284,0.011728,0.0171,++,['UTS2 ']
6048925,rs707463,1,7850062,C,T,1.0204,0.0099154,0.0412,++,['UTS2 ']
6328444,rs72814069,5,163468855,G,A,1.069,0.026211,0.0109,++,['HMMR ']
6328446,rs72814072,5,163490191,G,A,1.1218,0.042726,0.0072,++,['HMMR ']
6418844,rs73045217,19,41755949,C,T,1.0597,0.025633,0.0238,++,['CEACAM6 ']
6617849,rs7428023,3,9384004,C,G,1.0358,0.016649,0.0345,++,['THUMPD3-AS1 ']
6639839,rs7445844,5,163465424,C,G,1.0204,0.0096177,0.0359,++,['HMMR ']
6640537,rs7446327,5,163465470,G,T,1.021,0.0096177,0.0304,++,['HMMR ']
6831473,rs75728555,10,20801109,a,atattt,1.03056,0.0149,0.04343,++,['NEBL ']
7021109,rs7682765,4,23803207,T,C,1.0615,0.0212,0.0049,++,['PPARGC1A ']
7176949,rs77750586,4,39454904,C,A,1.0655,0.027199,0.0197,++,['RPL9 ']
7271379,rs78303236,4,39454416,A,G,1.0636,0.027186,0.0233,++,['RPL9 ']
7277573,rs78340707,4,23858358,A,T,1.0604,0.028166,0.0372,++,['PPARGC1A ']
7674792,rs836755,1,7846527,A,C,1.0203,0.0099154,0.0422,++,['UTS2 ']
7914262,rs9626294,22,44821595,G,T,1.0275,0.010706,0.0113,++,['ARHGAP8 ']
7981652,rs9843781,3,9396766,T,C,1.0346,0.016387,0.0381,++,['THUMPD3-AS1 ']
