,miRNAid,miRNAname,geneID,geneName,geneType,chromosome,start,end,strand,clipExpNum,degraExpNum,RBP,merClass,miRseq,align,targetSeq,TDMDScore,phyloP,pancancerNum,transcript_id
123,MIMAT0000420,hsa-miR-30b-5p,ENSG00000247556,OIP5-AS1,lncRNA,chr15,41299648,41299672,+,16,0,"AGO1-4,AGO2",7mer-m8,ucGACUCACA---UCCUACAAAUGu,  ||| || |   :| |||||||| ,cuCUGUGUUUUCCGGAAUGUUUACu,0.9734,0.301,8,"['ENST00000500949', 'ENST00000707007', 'ENST00000558457', 'ENST00000707002', 'ENST00000557993', 'ENST00000501665', 'ENST00000707025', 'ENST00000707056', 'ENST00000707014', 'ENST00000561275', 'ENST00000707005', 'ENST00000561226', 'ENST00000707026', 'ENST00000707034', 'ENST00000707009', 'ENST00000707004', 'ENST00000707017', 'ENST00000707035', 'ENST00000707015', 'ENST00000560706', 'ENST00000707010', 'ENST00000558945', 'ENST00000707013', 'ENST00000707036', 'ENST00000707028', 'ENST00000707003', 'ENST00000707037', 'ENST00000707011', 'ENST00000707038', 'ENST00000707046', 'ENST00000707047', 'ENST00000707039', 'ENST00000707057', 'ENST00000707058', 'ENST00000707027', 'ENST00000707048', 'ENST00000559368', 'ENST00000707049', 'ENST00000707040', 'ENST00000560545', 'ENST00000707041', 'ENST00000706990', 'ENST00000707016', 'ENST00000707029', 'ENST00000707042', 'ENST00000707030', 'ENST00000707006', 'ENST00000707018', 'ENST00000707019', 'ENST00000707020', 'ENST00000707021', 'ENST00000707031', 'ENST00000707012', 'ENST00000707043', 'ENST00000707022', 'ENST00000707050', 'ENST00000707044', 'ENST00000706991', 'ENST00000707051', 'ENST00000707052', 'ENST00000707032', 'ENST00000707008', 'ENST00000707045', 'ENST00000707053', 'ENST00000707054', 'ENST00000707059', 'ENST00000706992', 'ENST00000707023', 'ENST00000707024', 'ENST00000707055', 'ENST00000706993', 'ENST00000707061']"
125,MIMAT0000244,hsa-miR-30c-5p,ENSG00000247556,OIP5-AS1,lncRNA,chr15,41299650,41299672,+,16,0,"AGO1-4,AGO2",7mer-m8,cgacucucacaUCCUACAAAUGu,        |  :| |||||||| ,cuguguuuuccGGAAUGUUUACu,0.0991,0.323,6,"['ENST00000500949', 'ENST00000707007', 'ENST00000558457', 'ENST00000707002', 'ENST00000557993', 'ENST00000501665', 'ENST00000707025', 'ENST00000707056', 'ENST00000707014', 'ENST00000561275', 'ENST00000707005', 'ENST00000561226', 'ENST00000707026', 'ENST00000707034', 'ENST00000707009', 'ENST00000707004', 'ENST00000707017', 'ENST00000707035', 'ENST00000707015', 'ENST00000560706', 'ENST00000707010', 'ENST00000558945', 'ENST00000707013', 'ENST00000707036', 'ENST00000707028', 'ENST00000707003', 'ENST00000707037', 'ENST00000707011', 'ENST00000707038', 'ENST00000707046', 'ENST00000707047', 'ENST00000707039', 'ENST00000707057', 'ENST00000707058', 'ENST00000707027', 'ENST00000707048', 'ENST00000559368', 'ENST00000707049', 'ENST00000707040', 'ENST00000560545', 'ENST00000707041', 'ENST00000706990', 'ENST00000707016', 'ENST00000707029', 'ENST00000707042', 'ENST00000707030', 'ENST00000707006', 'ENST00000707018', 'ENST00000707019', 'ENST00000707020', 'ENST00000707021', 'ENST00000707031', 'ENST00000707012', 'ENST00000707043', 'ENST00000707022', 'ENST00000707050', 'ENST00000707044', 'ENST00000706991', 'ENST00000707051', 'ENST00000707052', 'ENST00000707032', 'ENST00000707008', 'ENST00000707045', 'ENST00000707053', 'ENST00000707054', 'ENST00000707059', 'ENST00000706992', 'ENST00000707023', 'ENST00000707024', 'ENST00000707055', 'ENST00000706993', 'ENST00000707061']"
127,MIMAT0000245,hsa-miR-30d-5p,ENSG00000247556,OIP5-AS1,lncRNA,chr15,41299651,41299672,+,16,0,"AGO1-4,AGO2",7mer-m8,gaaggucAGCCCCUACAAAUGu,  |    || || |||||||| ,uguguuuUCCGGAAUGUUUACu,0.8226,0.395,5,"['ENST00000500949', 'ENST00000707007', 'ENST00000558457', 'ENST00000707002', 'ENST00000557993', 'ENST00000501665', 'ENST00000707025', 'ENST00000707056', 'ENST00000707014', 'ENST00000561275', 'ENST00000707005', 'ENST00000561226', 'ENST00000707026', 'ENST00000707034', 'ENST00000707009', 'ENST00000707004', 'ENST00000707017', 'ENST00000707035', 'ENST00000707015', 'ENST00000560706', 'ENST00000707010', 'ENST00000558945', 'ENST00000707013', 'ENST00000707036', 'ENST00000707028', 'ENST00000707003', 'ENST00000707037', 'ENST00000707011', 'ENST00000707038', 'ENST00000707046', 'ENST00000707047', 'ENST00000707039', 'ENST00000707057', 'ENST00000707058', 'ENST00000707027', 'ENST00000707048', 'ENST00000559368', 'ENST00000707049', 'ENST00000707040', 'ENST00000560545', 'ENST00000707041', 'ENST00000706990', 'ENST00000707016', 'ENST00000707029', 'ENST00000707042', 'ENST00000707030', 'ENST00000707006', 'ENST00000707018', 'ENST00000707019', 'ENST00000707020', 'ENST00000707021', 'ENST00000707031', 'ENST00000707012', 'ENST00000707043', 'ENST00000707022', 'ENST00000707050', 'ENST00000707044', 'ENST00000706991', 'ENST00000707051', 'ENST00000707052', 'ENST00000707032', 'ENST00000707008', 'ENST00000707045', 'ENST00000707053', 'ENST00000707054', 'ENST00000707059', 'ENST00000706992', 'ENST00000707023', 'ENST00000707024', 'ENST00000707055', 'ENST00000706993', 'ENST00000707061']"
162,MIMAT0000090,hsa-miR-32-5p,ENSG00000247556,OIP5-AS1,lncRNA,chr15,41300490,41300511,+,64,0,"AGO1,AGO1-4,AGO2,AGO3,AGO4",8mer,acgUUGAAUCAUUACACGUUAu,|  |||  :|  ||||||||| ,uaaAACCGGGAUAUGUGCAAUa,1.1575,4.289,7,"['ENST00000500949', 'ENST00000707007', 'ENST00000558457', 'ENST00000707002', 'ENST00000557993', 'ENST00000501665', 'ENST00000707025', 'ENST00000707056', 'ENST00000707014', 'ENST00000561275', 'ENST00000707005', 'ENST00000561226', 'ENST00000707026', 'ENST00000707034', 'ENST00000707009', 'ENST00000707004', 'ENST00000707017', 'ENST00000707035', 'ENST00000707015', 'ENST00000560706', 'ENST00000707010', 'ENST00000558945', 'ENST00000707013', 'ENST00000707036', 'ENST00000707028', 'ENST00000707003', 'ENST00000707037', 'ENST00000707011', 'ENST00000707038', 'ENST00000707046', 'ENST00000707047', 'ENST00000707039', 'ENST00000707057', 'ENST00000707058', 'ENST00000707027', 'ENST00000707048', 'ENST00000559368', 'ENST00000707049', 'ENST00000707040', 'ENST00000560545', 'ENST00000707041', 'ENST00000706990', 'ENST00000707016', 'ENST00000707029', 'ENST00000707042', 'ENST00000707030', 'ENST00000707006', 'ENST00000707018', 'ENST00000707019', 'ENST00000707020', 'ENST00000707021', 'ENST00000707031', 'ENST00000707012', 'ENST00000707043', 'ENST00000707022', 'ENST00000707050', 'ENST00000707044', 'ENST00000706991', 'ENST00000707051', 'ENST00000707052', 'ENST00000707032', 'ENST00000707008', 'ENST00000707045', 'ENST00000707053', 'ENST00000707054', 'ENST00000707059', 'ENST00000706992', 'ENST00000707023', 'ENST00000707024', 'ENST00000707055', 'ENST00000706993', 'ENST00000707061']"
163,MIMAT0000092,hsa-miR-92a-3p,ENSG00000247556,OIP5-AS1,lncRNA,chr15,41300490,41300511,+,64,0,"AGO1,AGO1-4,AGO2,AGO3,AGO4",8mer,uguccGGCCCUGUUCACGUUAu,  |  ||||||:| ||||||| ,uaaaaCCGGGAUAUGUGCAAUa,1.6289,4.289,5,"['ENST00000500949', 'ENST00000707007', 'ENST00000558457', 'ENST00000707002', 'ENST00000557993', 'ENST00000501665', 'ENST00000707025', 'ENST00000707056', 'ENST00000707014', 'ENST00000561275', 'ENST00000707005', 'ENST00000561226', 'ENST00000707026', 'ENST00000707034', 'ENST00000707009', 'ENST00000707004', 'ENST00000707017', 'ENST00000707035', 'ENST00000707015', 'ENST00000560706', 'ENST00000707010', 'ENST00000558945', 'ENST00000707013', 'ENST00000707036', 'ENST00000707028', 'ENST00000707003', 'ENST00000707037', 'ENST00000707011', 'ENST00000707038', 'ENST00000707046', 'ENST00000707047', 'ENST00000707039', 'ENST00000707057', 'ENST00000707058', 'ENST00000707027', 'ENST00000707048', 'ENST00000559368', 'ENST00000707049', 'ENST00000707040', 'ENST00000560545', 'ENST00000707041', 'ENST00000706990', 'ENST00000707016', 'ENST00000707029', 'ENST00000707042', 'ENST00000707030', 'ENST00000707006', 'ENST00000707018', 'ENST00000707019', 'ENST00000707020', 'ENST00000707021', 'ENST00000707031', 'ENST00000707012', 'ENST00000707043', 'ENST00000707022', 'ENST00000707050', 'ENST00000707044', 'ENST00000706991', 'ENST00000707051', 'ENST00000707052', 'ENST00000707032', 'ENST00000707008', 'ENST00000707045', 'ENST00000707053', 'ENST00000707054', 'ENST00000707059', 'ENST00000706992', 'ENST00000707023', 'ENST00000707024', 'ENST00000707055', 'ENST00000706993', 'ENST00000707061']"
165,MIMAT0000707,hsa-miR-363-3p,ENSG00000247556,OIP5-AS1,lncRNA,chr15,41300491,41300511,+,64,0,"AGO1,AGO1-4,AGO2,AGO3,AGO4",8mer,augucuaCCUAUGGCACGUUAa, | |   ||||| :||||||| ,aaaaccgGGAUA-UGUGCAAUa,1.3008,4.482,5,"['ENST00000500949', 'ENST00000707007', 'ENST00000558457', 'ENST00000707002', 'ENST00000557993', 'ENST00000501665', 'ENST00000707025', 'ENST00000707056', 'ENST00000707014', 'ENST00000561275', 'ENST00000707005', 'ENST00000561226', 'ENST00000707026', 'ENST00000707034', 'ENST00000707009', 'ENST00000707004', 'ENST00000707017', 'ENST00000707035', 'ENST00000707015', 'ENST00000560706', 'ENST00000707010', 'ENST00000558945', 'ENST00000707013', 'ENST00000707036', 'ENST00000707028', 'ENST00000707003', 'ENST00000707037', 'ENST00000707011', 'ENST00000707038', 'ENST00000707046', 'ENST00000707047', 'ENST00000707039', 'ENST00000707057', 'ENST00000707058', 'ENST00000707027', 'ENST00000707048', 'ENST00000559368', 'ENST00000707049', 'ENST00000707040', 'ENST00000560545', 'ENST00000707041', 'ENST00000706990', 'ENST00000707016', 'ENST00000707029', 'ENST00000707042', 'ENST00000707030', 'ENST00000707006', 'ENST00000707018', 'ENST00000707019', 'ENST00000707020', 'ENST00000707021', 'ENST00000707031', 'ENST00000707012', 'ENST00000707043', 'ENST00000707022', 'ENST00000707050', 'ENST00000707044', 'ENST00000706991', 'ENST00000707051', 'ENST00000707052', 'ENST00000707032', 'ENST00000707008', 'ENST00000707045', 'ENST00000707053', 'ENST00000707054', 'ENST00000707059', 'ENST00000706992', 'ENST00000707023', 'ENST00000707024', 'ENST00000707055', 'ENST00000706993', 'ENST00000707061']"
167,MIMAT0003311,hsa-miR-641,ENSG00000247556,OIP5-AS1,lncRNA,chr15,41300574,41300597,+,65,0,"AGO1,AGO1-4,AGO2,AGO3",7mer-m8,cuccacugagauaGGAUACAGAAa, |    |   |  || ||||||| ,aacaacaaaaucaCCAAUGUCUUc,0.4634,6.425,3,"['ENST00000500949', 'ENST00000707007', 'ENST00000558457', 'ENST00000707002', 'ENST00000557993', 'ENST00000501665', 'ENST00000707025', 'ENST00000707056', 'ENST00000707014', 'ENST00000561275', 'ENST00000707005', 'ENST00000561226', 'ENST00000707026', 'ENST00000707034', 'ENST00000707009', 'ENST00000707004', 'ENST00000707017', 'ENST00000707035', 'ENST00000707015', 'ENST00000560706', 'ENST00000707010', 'ENST00000558945', 'ENST00000707013', 'ENST00000707036', 'ENST00000707028', 'ENST00000707003', 'ENST00000707037', 'ENST00000707011', 'ENST00000707038', 'ENST00000707046', 'ENST00000707047', 'ENST00000707039', 'ENST00000707057', 'ENST00000707058', 'ENST00000707027', 'ENST00000707048', 'ENST00000559368', 'ENST00000707049', 'ENST00000707040', 'ENST00000560545', 'ENST00000707041', 'ENST00000706990', 'ENST00000707016', 'ENST00000707029', 'ENST00000707042', 'ENST00000707030', 'ENST00000707006', 'ENST00000707018', 'ENST00000707019', 'ENST00000707020', 'ENST00000707021', 'ENST00000707031', 'ENST00000707012', 'ENST00000707043', 'ENST00000707022', 'ENST00000707050', 'ENST00000707044', 'ENST00000706991', 'ENST00000707051', 'ENST00000707052', 'ENST00000707032', 'ENST00000707008', 'ENST00000707045', 'ENST00000707053', 'ENST00000707054', 'ENST00000707059', 'ENST00000706992', 'ENST00000707023', 'ENST00000707024', 'ENST00000707055', 'ENST00000706993', 'ENST00000707061']"
171,MIMAT0005919,hsa-miR-548o-3p,ENSG00000247556,OIP5-AS1,lncRNA,chr15,41300603,41300622,+,40,0,"AGO1-4,AGO2",7mer-m8,cgUUUUCAUUGACGUCAAAACc,  |:| ||:  | :||||||| ,ugAGAUGUG--UAUAGUUUUGu,0.8903,5.332,2,"['ENST00000500949', 'ENST00000707007', 'ENST00000558457', 'ENST00000707002', 'ENST00000557993', 'ENST00000501665', 'ENST00000707025', 'ENST00000707056', 'ENST00000707014', 'ENST00000561275', 'ENST00000707005', 'ENST00000561226', 'ENST00000707026', 'ENST00000707034', 'ENST00000707009', 'ENST00000707004', 'ENST00000707017', 'ENST00000707035', 'ENST00000707015', 'ENST00000560706', 'ENST00000707010', 'ENST00000558945', 'ENST00000707013', 'ENST00000707036', 'ENST00000707028', 'ENST00000707003', 'ENST00000707037', 'ENST00000707011', 'ENST00000707038', 'ENST00000707046', 'ENST00000707047', 'ENST00000707039', 'ENST00000707057', 'ENST00000707058', 'ENST00000707027', 'ENST00000707048', 'ENST00000559368', 'ENST00000707049', 'ENST00000707040', 'ENST00000560545', 'ENST00000707041', 'ENST00000706990', 'ENST00000707016', 'ENST00000707029', 'ENST00000707042', 'ENST00000707030', 'ENST00000707006', 'ENST00000707018', 'ENST00000707019', 'ENST00000707020', 'ENST00000707021', 'ENST00000707031', 'ENST00000707012', 'ENST00000707043', 'ENST00000707022', 'ENST00000707050', 'ENST00000707044', 'ENST00000706991', 'ENST00000707051', 'ENST00000707052', 'ENST00000707032', 'ENST00000707008', 'ENST00000707045', 'ENST00000707053', 'ENST00000707054', 'ENST00000707059', 'ENST00000706992', 'ENST00000707023', 'ENST00000707024', 'ENST00000707055', 'ENST00000706993', 'ENST00000707061']"
325,MIMAT0003245,hsa-miR-580-3p,ENSG00000247556,OIP5-AS1,lncRNA,chr15,41303635,41303656,+,13,0,"AGO1-4,AGO2",7mer-m8,ggauUACU-AAGUAGUAAGAGUu,|   | || ||:| |||||||| ,cuccAGGAGUUUA-CAUUCUCAu,1.1141,2.055,4,"['ENST00000500949', 'ENST00000707007', 'ENST00000558457', 'ENST00000707002', 'ENST00000557993', 'ENST00000501665', 'ENST00000707025', 'ENST00000707056', 'ENST00000707014', 'ENST00000561275', 'ENST00000707005', 'ENST00000561226', 'ENST00000707026', 'ENST00000707034', 'ENST00000707009', 'ENST00000707004', 'ENST00000707017', 'ENST00000707035', 'ENST00000707015', 'ENST00000560706', 'ENST00000707010', 'ENST00000558945', 'ENST00000707013', 'ENST00000707036', 'ENST00000707028', 'ENST00000707003', 'ENST00000707037', 'ENST00000707011', 'ENST00000707038', 'ENST00000707046', 'ENST00000707047', 'ENST00000707039', 'ENST00000707057', 'ENST00000707058', 'ENST00000707027', 'ENST00000707048', 'ENST00000559368', 'ENST00000707049', 'ENST00000707040', 'ENST00000560545', 'ENST00000707041', 'ENST00000706990', 'ENST00000707016', 'ENST00000707029', 'ENST00000707042', 'ENST00000707030', 'ENST00000707006', 'ENST00000707018', 'ENST00000707019', 'ENST00000707020', 'ENST00000707021', 'ENST00000707031', 'ENST00000707012', 'ENST00000707043', 'ENST00000707022', 'ENST00000707050', 'ENST00000707044', 'ENST00000706991', 'ENST00000707051', 'ENST00000707052', 'ENST00000707032', 'ENST00000707008', 'ENST00000707045', 'ENST00000707053', 'ENST00000707054', 'ENST00000707059', 'ENST00000706992', 'ENST00000707023', 'ENST00000707024', 'ENST00000707055', 'ENST00000706993', 'ENST00000707061']"
326,MIMAT0000100,hsa-miR-29b-3p,ENSG00000247556,OIP5-AS1,lncRNA,chr15,41303641,41303663,+,11,0,"AGO1-4,AGO2",7mer-m8,uugugacuaAAGUUUACCACGAu, |   |   |||  |||||||| ,gaguuuacaUUCUCAUGGUGCUg,0.7826,2.513,15,"['ENST00000500949', 'ENST00000707007', 'ENST00000558457', 'ENST00000707002', 'ENST00000557993', 'ENST00000501665', 'ENST00000707025', 'ENST00000707056', 'ENST00000707014', 'ENST00000561275', 'ENST00000707005', 'ENST00000561226', 'ENST00000707026', 'ENST00000707034', 'ENST00000707009', 'ENST00000707004', 'ENST00000707017', 'ENST00000707035', 'ENST00000707015', 'ENST00000560706', 'ENST00000707010', 'ENST00000558945', 'ENST00000707013', 'ENST00000707036', 'ENST00000707028', 'ENST00000707003', 'ENST00000707037', 'ENST00000707011', 'ENST00000707038', 'ENST00000707046', 'ENST00000707047', 'ENST00000707039', 'ENST00000707057', 'ENST00000707058', 'ENST00000707027', 'ENST00000707048', 'ENST00000559368', 'ENST00000707049', 'ENST00000707040', 'ENST00000560545', 'ENST00000707041', 'ENST00000706990', 'ENST00000707016', 'ENST00000707029', 'ENST00000707042', 'ENST00000707030', 'ENST00000707006', 'ENST00000707018', 'ENST00000707019', 'ENST00000707020', 'ENST00000707021', 'ENST00000707031', 'ENST00000707012', 'ENST00000707043', 'ENST00000707022', 'ENST00000707050', 'ENST00000707044', 'ENST00000706991', 'ENST00000707051', 'ENST00000707052', 'ENST00000707032', 'ENST00000707008', 'ENST00000707045', 'ENST00000707053', 'ENST00000707054', 'ENST00000707059', 'ENST00000706992', 'ENST00000707023', 'ENST00000707024', 'ENST00000707055', 'ENST00000706993', 'ENST00000707061']"
413,MIMAT0000244,hsa-miR-30c-5p,ENSG00000247556,OIP5-AS1,lncRNA,chr15,41306275,41306300,+,18,0,"AGO1,AGO1-4,AGO2",7mer-m8,cgACUCUC-AC-A-UCCUACAAAUGu,  | |||| || | |  :||||||| ,aaUAAGAGUUGCUCACUGUGUUUACu,1.2046,0.314,6,"['ENST00000500949', 'ENST00000707007', 'ENST00000558457', 'ENST00000707002', 'ENST00000557993', 'ENST00000501665', 'ENST00000707025', 'ENST00000707056', 'ENST00000707014', 'ENST00000561275', 'ENST00000707005', 'ENST00000561226', 'ENST00000707026', 'ENST00000707034', 'ENST00000707009', 'ENST00000707004', 'ENST00000707017', 'ENST00000707035', 'ENST00000707015', 'ENST00000560706', 'ENST00000707010', 'ENST00000558945', 'ENST00000707013', 'ENST00000707036', 'ENST00000707028', 'ENST00000707003', 'ENST00000707037', 'ENST00000707011', 'ENST00000707038', 'ENST00000707046', 'ENST00000707047', 'ENST00000707039', 'ENST00000707057', 'ENST00000707058', 'ENST00000707027', 'ENST00000707048', 'ENST00000559368', 'ENST00000707049', 'ENST00000707040', 'ENST00000560545', 'ENST00000707041', 'ENST00000706990', 'ENST00000707016', 'ENST00000707029', 'ENST00000707042', 'ENST00000707030', 'ENST00000707006', 'ENST00000707018', 'ENST00000707019', 'ENST00000707020', 'ENST00000707021', 'ENST00000707031', 'ENST00000707012', 'ENST00000707043', 'ENST00000707022', 'ENST00000707050', 'ENST00000707044', 'ENST00000706991', 'ENST00000707051', 'ENST00000707052', 'ENST00000707032', 'ENST00000707008', 'ENST00000707045', 'ENST00000707053', 'ENST00000707054', 'ENST00000707059', 'ENST00000706992', 'ENST00000707023', 'ENST00000707024', 'ENST00000707055', 'ENST00000706993', 'ENST00000707061']"
415,MIMAT0000420,hsa-miR-30b-5p,ENSG00000247556,OIP5-AS1,lncRNA,chr15,41306276,41306300,+,18,0,"AGO1,AGO1-4,AGO2",7mer-m8,ucgaCUC-AC-A-UCCUACAAAUGu,|   ||| || | |  :||||||| ,auaaGAGUUGCUCACUGUGUUUACu,1.0443,0.3,8,"['ENST00000500949', 'ENST00000707007', 'ENST00000558457', 'ENST00000707002', 'ENST00000557993', 'ENST00000501665', 'ENST00000707025', 'ENST00000707056', 'ENST00000707014', 'ENST00000561275', 'ENST00000707005', 'ENST00000561226', 'ENST00000707026', 'ENST00000707034', 'ENST00000707009', 'ENST00000707004', 'ENST00000707017', 'ENST00000707035', 'ENST00000707015', 'ENST00000560706', 'ENST00000707010', 'ENST00000558945', 'ENST00000707013', 'ENST00000707036', 'ENST00000707028', 'ENST00000707003', 'ENST00000707037', 'ENST00000707011', 'ENST00000707038', 'ENST00000707046', 'ENST00000707047', 'ENST00000707039', 'ENST00000707057', 'ENST00000707058', 'ENST00000707027', 'ENST00000707048', 'ENST00000559368', 'ENST00000707049', 'ENST00000707040', 'ENST00000560545', 'ENST00000707041', 'ENST00000706990', 'ENST00000707016', 'ENST00000707029', 'ENST00000707042', 'ENST00000707030', 'ENST00000707006', 'ENST00000707018', 'ENST00000707019', 'ENST00000707020', 'ENST00000707021', 'ENST00000707031', 'ENST00000707012', 'ENST00000707043', 'ENST00000707022', 'ENST00000707050', 'ENST00000707044', 'ENST00000706991', 'ENST00000707051', 'ENST00000707052', 'ENST00000707032', 'ENST00000707008', 'ENST00000707045', 'ENST00000707053', 'ENST00000707054', 'ENST00000707059', 'ENST00000706992', 'ENST00000707023', 'ENST00000707024', 'ENST00000707055', 'ENST00000706993', 'ENST00000707061']"
416,MIMAT0000245,hsa-miR-30d-5p,ENSG00000247556,OIP5-AS1,lncRNA,chr15,41306279,41306300,+,18,0,"AGO1,AGO1-4,AGO2",7mer-m8,gaaggucagccccUACAAAUGu,      |      :||||||| ,agaguugcucacuGUGUUUACu,-0.0378,0.323,5,"['ENST00000500949', 'ENST00000707007', 'ENST00000558457', 'ENST00000707002', 'ENST00000557993', 'ENST00000501665', 'ENST00000707025', 'ENST00000707056', 'ENST00000707014', 'ENST00000561275', 'ENST00000707005', 'ENST00000561226', 'ENST00000707026', 'ENST00000707034', 'ENST00000707009', 'ENST00000707004', 'ENST00000707017', 'ENST00000707035', 'ENST00000707015', 'ENST00000560706', 'ENST00000707010', 'ENST00000558945', 'ENST00000707013', 'ENST00000707036', 'ENST00000707028', 'ENST00000707003', 'ENST00000707037', 'ENST00000707011', 'ENST00000707038', 'ENST00000707046', 'ENST00000707047', 'ENST00000707039', 'ENST00000707057', 'ENST00000707058', 'ENST00000707027', 'ENST00000707048', 'ENST00000559368', 'ENST00000707049', 'ENST00000707040', 'ENST00000560545', 'ENST00000707041', 'ENST00000706990', 'ENST00000707016', 'ENST00000707029', 'ENST00000707042', 'ENST00000707030', 'ENST00000707006', 'ENST00000707018', 'ENST00000707019', 'ENST00000707020', 'ENST00000707021', 'ENST00000707031', 'ENST00000707012', 'ENST00000707043', 'ENST00000707022', 'ENST00000707050', 'ENST00000707044', 'ENST00000706991', 'ENST00000707051', 'ENST00000707052', 'ENST00000707032', 'ENST00000707008', 'ENST00000707045', 'ENST00000707053', 'ENST00000707054', 'ENST00000707059', 'ENST00000706992', 'ENST00000707023', 'ENST00000707024', 'ENST00000707055', 'ENST00000706993', 'ENST00000707061']"
